{"cameraMode":{"drawMode":0,"name":"Shaded","section":"Shading Mode"},"sceneLighting":false,"audioPlay":false,"sceneViewState":{"showFog":true,"showMaterialUpdate":false,"showSkybox":false,"showFlares":false,"showImageEffects":true,"showParticleSystems":false,"showVisualEffectGraphs":true,"m_FxEnabled":true},"in2DMode":false,"pivot":{"x":-0.6393375396728516,"y":-0.5428006052970886,"z":1.8532451391220093},"rotation":{"x":-0.04368895664811134,"y":0.35776421427726748,"z":-0.016759369522333146,"w":-0.9326579570770264},"size":3.9247446060180666,"orthographic":false}