{"cameraMode":{"drawMode":0,"name":"Shaded","section":"Shading Mode"},"sceneLighting":false,"audioPlay":false,"sceneViewState":{"showFog":true,"showMaterialUpdate":true,"showSkybox":false,"showFlares":false,"showImageEffects":true,"showParticleSystems":false,"showVisualEffectGraphs":true,"m_FxEnabled":true},"in2DMode":false,"pivot":{"x":1.7606526613235474,"y":0.6452115178108215,"z":-1.354781985282898},"rotation":{"x":0.11239156872034073,"y":-0.43419092893600466,"z":0.054907094687223437,"w":0.8921946883201599},"size":0.8660253882408142,"orthographic":false}