{"cameraMode":{"drawMode":0,"name":"Shaded","section":"Shading Mode"},"sceneLighting":true,"audioPlay":false,"sceneViewState":{"showFog":true,"showMaterialUpdate":true,"showSkybox":true,"showFlares":false,"showImageEffects":true,"showParticleSystems":false,"showVisualEffectGraphs":true,"m_FxEnabled":true},"in2DMode":false,"pivot":{"x":0.12269581109285355,"y":6.882351398468018,"z":-33.128456115722659},"rotation":{"x":0.0892585888504982,"y":-0.025317195802927018,"z":0.0024803844280540945,"w":0.9957753419876099},"size":1.2247449159622193,"orthographic":false}